Iter,Act0,Act1,Act2,Act3,Act4,Act5,Act6,Act7,Act8
1,1,LeakyReLU(negative_slope=0.01),LogSigmoid(),LogSigmoid(),ReLU(),ELU(alpha=1.0),CosLayer(),Sigmoid(),LogSigmoid()
2,0,GELU(),ReLU(),GELU(),CELU(alpha=1.0),Softshrink(0.5),Tanh(),ReLU(),Softshrink(0.5)
3,0,Softshrink(0.5),GELU(),Sigmoid(),Softshrink(0.5),CosLayer(),CosLayer(),CosLayer(),Mish()
4,1,"Softplus(beta=1, threshold=20)",SinLayer(),SELU(),Mish(),SinLayer(),SELU(),"Hardtanh(min_val=-1.0, max_val=1.0)",SinLayer()
5,1,Sigmoid(),CELU(alpha=1.0),CELU(alpha=1.0),ReLU(),Sigmoid(),"Softplus(beta=1, threshold=20)",Tanh(),Softshrink(0.5)
6,0,"Hardtanh(min_val=-1.0, max_val=1.0)","Softplus(beta=1, threshold=20)",LogSigmoid(),LeakyReLU(negative_slope=0.01),SinLayer(),Tanh(),Softshrink(0.5),SinLayer()
7,1,SELU(),SELU(),CosLayer(),Mish(),LogSigmoid(),"Hardtanh(min_val=-1.0, max_val=1.0)","Softplus(beta=1, threshold=20)",GELU()
8,1,"Hardtanh(min_val=-1.0, max_val=1.0)",GELU(),CELU(alpha=1.0),ELU(alpha=1.0),Mish(),Mish(),Tanh(),CosLayer()
9,0,Sigmoid(),GELU(),LogSigmoid(),CosLayer(),Sigmoid(),Sigmoid(),"Softplus(beta=1, threshold=20)","Hardtanh(min_val=-1.0, max_val=1.0)"
10,1,GELU(),SELU(),GELU(),LeakyReLU(negative_slope=0.01),CosLayer(),Tanh(),SinLayer(),CELU(alpha=1.0)
11,1,"Hardtanh(min_val=-1.0, max_val=1.0)",ELU(alpha=1.0),CosLayer(),Sigmoid(),Tanh(),ELU(alpha=1.0),LeakyReLU(negative_slope=0.01),SinLayer()
12,1,SinLayer(),SinLayer(),ELU(alpha=1.0),ELU(alpha=1.0),"Softplus(beta=1, threshold=20)",SELU(),"Softplus(beta=1, threshold=20)",ReLU()
13,1,Softshrink(0.5),LogSigmoid(),CELU(alpha=1.0),CELU(alpha=1.0),Softshrink(0.5),LeakyReLU(negative_slope=0.01),Mish(),"Hardtanh(min_val=-1.0, max_val=1.0)"
14,1,ELU(alpha=1.0),Tanh(),GELU(),"Softplus(beta=1, threshold=20)",ReLU(),Softshrink(0.5),ReLU(),GELU()
15,0,GELU(),ELU(alpha=1.0),CosLayer(),LogSigmoid(),Softshrink(0.5),Softshrink(0.5),CELU(alpha=1.0),SinLayer()
16,0,GELU(),"Hardtanh(min_val=-1.0, max_val=1.0)",CELU(alpha=1.0),CosLayer(),SinLayer(),"Softplus(beta=1, threshold=20)",CELU(alpha=1.0),ELU(alpha=1.0)
17,1,ReLU(),ReLU(),LeakyReLU(negative_slope=0.01),ELU(alpha=1.0),Mish(),GELU(),SinLayer(),"Softplus(beta=1, threshold=20)"
18,1,CosLayer(),GELU(),ReLU(),CELU(alpha=1.0),ELU(alpha=1.0),ReLU(),SELU(),LogSigmoid()
19,1,GELU(),Tanh(),ELU(alpha=1.0),Tanh(),ReLU(),ELU(alpha=1.0),Softshrink(0.5),Sigmoid()
20,1,LogSigmoid(),SinLayer(),Mish(),Tanh(),Mish(),SinLayer(),Sigmoid(),SELU()
21,1,"Softplus(beta=1, threshold=20)",LogSigmoid(),ReLU(),CELU(alpha=1.0),Softshrink(0.5),Softshrink(0.5),Tanh(),Softshrink(0.5)
22,1,CELU(alpha=1.0),LogSigmoid(),ReLU(),SELU(),GELU(),Tanh(),"Hardtanh(min_val=-1.0, max_val=1.0)",LeakyReLU(negative_slope=0.01)
23,1,GELU(),LeakyReLU(negative_slope=0.01),LogSigmoid(),"Softplus(beta=1, threshold=20)",SinLayer(),"Hardtanh(min_val=-1.0, max_val=1.0)",SinLayer(),CosLayer()
24,1,Softshrink(0.5),"Softplus(beta=1, threshold=20)",GELU(),CELU(alpha=1.0),SinLayer(),ReLU(),Tanh(),Mish()
25,1,CosLayer(),GELU(),Sigmoid(),"Hardtanh(min_val=-1.0, max_val=1.0)","Hardtanh(min_val=-1.0, max_val=1.0)",Sigmoid(),LogSigmoid(),Sigmoid()
26,0,LogSigmoid(),"Softplus(beta=1, threshold=20)",Softshrink(0.5),CosLayer(),SinLayer(),ReLU(),GELU(),Softshrink(0.5)
27,1,CELU(alpha=1.0),Sigmoid(),Sigmoid(),CosLayer(),LeakyReLU(negative_slope=0.01),ReLU(),SinLayer(),CosLayer()
28,1,SELU(),Tanh(),Softshrink(0.5),ELU(alpha=1.0),CosLayer(),GELU(),LeakyReLU(negative_slope=0.01),LogSigmoid()
29,1,GELU(),Softshrink(0.5),GELU(),Sigmoid(),LeakyReLU(negative_slope=0.01),ELU(alpha=1.0),Tanh(),CELU(alpha=1.0)
30,1,Sigmoid(),LogSigmoid(),Tanh(),ReLU(),SinLayer(),Tanh(),ELU(alpha=1.0),LeakyReLU(negative_slope=0.01)
31,1,Tanh(),ReLU(),CosLayer(),ELU(alpha=1.0),SELU(),"Hardtanh(min_val=-1.0, max_val=1.0)","Softplus(beta=1, threshold=20)",Tanh()
32,1,CELU(alpha=1.0),ELU(alpha=1.0),GELU(),ReLU(),Softshrink(0.5),Tanh(),Tanh(),Softshrink(0.5)
33,1,"Softplus(beta=1, threshold=20)",CELU(alpha=1.0),CosLayer(),Sigmoid(),ELU(alpha=1.0),LogSigmoid(),LeakyReLU(negative_slope=0.01),CosLayer()
34,1,ELU(alpha=1.0),Softshrink(0.5),CELU(alpha=1.0),ELU(alpha=1.0),Softshrink(0.5),Tanh(),GELU(),Softshrink(0.5)
35,1,Mish(),"Hardtanh(min_val=-1.0, max_val=1.0)",ELU(alpha=1.0),"Hardtanh(min_val=-1.0, max_val=1.0)",Softshrink(0.5),LogSigmoid(),GELU(),SinLayer()
36,0,Softshrink(0.5),"Softplus(beta=1, threshold=20)",LeakyReLU(negative_slope=0.01),CELU(alpha=1.0),CELU(alpha=1.0),Sigmoid(),ELU(alpha=1.0),CosLayer()
37,1,Mish(),Sigmoid(),"Softplus(beta=1, threshold=20)",Mish(),SELU(),Mish(),ELU(alpha=1.0),"Softplus(beta=1, threshold=20)"
38,1,Mish(),LogSigmoid(),"Softplus(beta=1, threshold=20)",LeakyReLU(negative_slope=0.01),ELU(alpha=1.0),Softshrink(0.5),LeakyReLU(negative_slope=0.01),ReLU()
39,1,SinLayer(),ReLU(),Mish(),LeakyReLU(negative_slope=0.01),Softshrink(0.5),LeakyReLU(negative_slope=0.01),SELU(),LogSigmoid()
40,1,Softshrink(0.5),"Hardtanh(min_val=-1.0, max_val=1.0)",CosLayer(),Tanh(),SELU(),GELU(),SinLayer(),Softshrink(0.5)
41,1,"Softplus(beta=1, threshold=20)","Hardtanh(min_val=-1.0, max_val=1.0)",Softshrink(0.5),ReLU(),Softshrink(0.5),CELU(alpha=1.0),Mish(),"Hardtanh(min_val=-1.0, max_val=1.0)"
42,1,"Hardtanh(min_val=-1.0, max_val=1.0)",Mish(),SinLayer(),SinLayer(),CosLayer(),CosLayer(),LeakyReLU(negative_slope=0.01),CosLayer()
43,1,ELU(alpha=1.0),ELU(alpha=1.0),"Hardtanh(min_val=-1.0, max_val=1.0)",Softshrink(0.5),CosLayer(),SinLayer(),Tanh(),Softshrink(0.5)
44,1,Sigmoid(),LeakyReLU(negative_slope=0.01),GELU(),ReLU(),Mish(),CosLayer(),CosLayer(),LeakyReLU(negative_slope=0.01)
45,1,Tanh(),"Softplus(beta=1, threshold=20)",Softshrink(0.5),ReLU(),LeakyReLU(negative_slope=0.01),Tanh(),CosLayer(),Softshrink(0.5)
46,0,ELU(alpha=1.0),CELU(alpha=1.0),CELU(alpha=1.0),GELU(),Mish(),LeakyReLU(negative_slope=0.01),GELU(),ReLU()
47,1,"Softplus(beta=1, threshold=20)",LogSigmoid(),"Hardtanh(min_val=-1.0, max_val=1.0)","Softplus(beta=1, threshold=20)",Sigmoid(),ELU(alpha=1.0),"Hardtanh(min_val=-1.0, max_val=1.0)",Softshrink(0.5)
